<?xml version="1.0" encoding="UTF-8"?>
<project-private xmlns="http://www.netbeans.org/ns/project-private/1">
    <editor-bookmarks xmlns="http://www.netbeans.org/ns/editor-bookmarks/2" lastBookmarkId="0"/>
    <open-files xmlns="http://www.netbeans.org/ns/projectui-open-files/2">
        <group>
            <file>file:/C:/Users/jacob/Documents/School/HTML/mp04/public_html/index.html</file>
            <file>file:/C:/Users/jacob/Documents/School/HTML/mp04/public_html/yurts.html</file>
            <file>file:/C:/Users/jacob/Documents/School/HTML/mp04/public_html/activities.html</file>
            <file>file:/C:/Users/jacob/Documents/School/HTML/mp04/public_html/style.css</file>
            <file>file:/C:/Users/jacob/Documents/School/HTML/mp04/public_html/reservations.html</file>
        </group>
    </open-files>
</project-private>
